created_at,full_text,sentiment,compound
Mon Jun 09 16:30:57 +0000 2025,.@POTUS‚Äôs OBBB will strengthen investment in American business while protecting taxpayers from Joe Biden‚Äôs global handouts. @USTreasury stands ready to keep the US the most investable country in the world.,positive,0.5859
Mon Jun 09 16:06:23 +0000 2025,"The passage of @POTUS‚Äô One Big Beautiful Bill will deliver the largest tax cut in American history for working- and middle-class families:  ‚Ä¢  An estimated $10,000/year increase in take-home pay ‚Ä¢  Expanded child tax credit of $2,500 for 40M+ families ‚Ä¢  Up to $1,750 in annual‚Ä¶",positive,0.743
Mon Jun 09 15:25:33 +0000 2025,"Border security is economic security.  The violent riots in Los Angeles have made this undeniably clear.  The cost of hardware alone on these autonomous vehicles is estimated to be ~$97,000. Multiple have been set ablaze. All to the jeers of masked men waving foreign flags.‚Ä¶",negative,-0.4215
Mon Jun 09 13:35:00 +0000 2025,"Joe Biden's OECD tax giveaways put Americans on the back burner. @SecScottBessent is pushing our global allies to cancel unfair taxes, protect American interests, and promote investment under @POTUS‚Äôs OBBB.",positive,0.2732
Sun Jun 08 14:21:52 +0000 2025,"From one 79th Secretary to another, thank you @SecScottBessent for the honor of swearing me in.  Proud to serve alongside you to advance our great nation.",positive,0.8979
Fri Jun 06 20:47:43 +0000 2025,"It was my great honor to swear in @SECNAV, a true patriot who will serve @POTUS, our great @USNavy and the American people.",positive,0.9325
Fri Jun 06 20:21:48 +0000 2025,"Imagine a bill that:  ‚û°Ô∏èFinishes President Trump‚Äôs border wall  ‚û°Ô∏èRaises take-home pay for American families between $7,800 and $13,300  ‚û°Ô∏èSparks a manufacturing boom by providing 100% expensing for new factories  ‚û°Ô∏èMakes permanent the historic 2017 Trump tax cuts  All while‚Ä¶",negative,-0.3818
Fri Jun 06 19:21:51 +0000 2025,"'I am pleased to announce that Secretary of the Treasury @SecScottBessent, Secretary of Commerce @HowardLutnick, and @USTradeRep, Ambassador Jamieson Greer, will be meeting in London on Monday, June 9, 2025, with Representatives of China...' - President Donald J. Trump",positive,0.5719
Fri Jun 06 16:02:09 +0000 2025,The One Big Beautiful Bill enacts transformative reforms that meaningfully advance our nation‚Äôs highest priorities. Explore the full list of achievements that demonstrate how this comprehensive package will drive American prosperity forward:,positive,0.7311
Fri Jun 06 14:23:33 +0000 2025,".@SecScottBessent is right, America‚Äôs economy is still going strong.  With steady job growth and low unemployment, @POTUS‚Äô economic plan is delivering for working families.  Let‚Äôs keep the momentum going. It‚Äôs time to pass the One, Big Beautiful Bill and invest in America‚Äôs‚Ä¶",positive,0.7003
Fri Jun 06 14:05:07 +0000 2025,"Today‚Äôs employment report underscores the continued strength of the U.S. labor market thanks to @POTUS‚Äô pro-growth economic agenda.  ‚û°Ô∏è 139,000 jobs added in May, exceeding expectations.  ‚û°Ô∏è Unemployment rate held steady at 4.2%.  We have a resilient economy driven by policies‚Ä¶",positive,0.4939
Fri Jun 06 13:46:50 +0000 2025,"""You were here to liberate, not to conquer.""  Today we commemorate the gallantry of the Greatest Generation.  From the Boys of Pointe du Hoc to the paratroopers of the 151st Airborne, D-Day bore witness to acts of valor and selflessness never before seen in modern warfare.  More‚Ä¶",positive,0.6808
Thu Jun 05 21:09:23 +0000 2025,"Under @POTUS, this administration has achieved the most secure border in modern history.  The @USTreasury continues to bring our unique tools and authorities to the fight against cartels and their affiliates.  Today‚Äôs action is a strong signal that this administration will‚Ä¶",positive,0.5256
Thu Jun 05 20:51:38 +0000 2025,"The @IntlCrimCourt‚Äôs baseless and politicized targeting of America and our close ally Israel must end. Today, I have sanctioned four ICC judges for infringing on U.S. and Israeli sovereignty ‚Äì two who authorized the ICC‚Äôs baseless investigation into U.S. personnel in Afghanistan‚Ä¶",neutral,0.0
Thu Jun 05 13:34:13 +0000 2025,Make the Trump Tax Cuts permanent. Make America Affordable Again.,negative,-0.296
Wed Jun 04 19:36:01 +0000 2025,Many thanks to the great New York City Police Department Intelligence Division for their incredible professionalism and diligence in working with the USSS during my recent visit to NYC.,positive,0.8779
Wed Jun 04 00:15:00 +0000 2025,"In the first hundred days, @POTUS has set the table for peace deals, trade deals, and tax deals.  In the next hundred days we will land a substantial number of all three.",positive,0.6808
Wed Jun 04 00:00:01 +0000 2025,"This One, Big Beautiful Bill solidifies @POTUS‚Äô 2017 Tax Cuts and Jobs Act, delivering lasting relief for the American people.  It will also substantially benefit working Americans by eliminating taxes on tips and overtime and restoring auto loan deductibility.",positive,0.8832
Tue Jun 03 23:51:02 +0000 2025,"Thanks to @POTUS‚Äô America First economic policies, the American economy has been steadily improving and inflation has gone down for the first time in four years.  There is no reason to assume that our trade policy will be inflationary.",positive,0.5423
Tue Jun 03 18:53:54 +0000 2025,"It was an honor to join the @AmSwissFound Leadership Summit today to celebrate the longstanding relationship between the United States and Switzerland.  Over the last eight decades, the American Swiss Foundation has been instrumental in deepening this historic bond. More‚Ä¶",positive,0.8979
Tue Jun 03 14:19:28 +0000 2025,"‚ÄúThe president is realigning global trade with an America First agenda, incentivizing unprecedented investment in U.S. industry, and modernizing regulations to empower U.S. innovators and energy producers.‚Äù  Read the full op-ed here:",positive,0.2732
Tue Jun 03 14:12:29 +0000 2025,"The President, @SecScottBessent, and I are working to fix the affordability crisis inherited from the previous administration.  ‚ÄúBy rebalancing our trade arrangements, making pro-growth tax reform permanent, and reprivatizing the economy, the administration will realize the‚Ä¶",negative,-0.6249
Mon Jun 02 15:46:03 +0000 2025,"Thanks to @POTUS and @SecScottBessent, we‚Äôre making steady progress on trade and talks continue with our largest 18 trading partners.  As long as we continue to make progress, I think you‚Äôre going to see a lot more deals that are announced prior to that July 9th timeframe.",positive,0.8176
Mon Jun 02 15:46:00 +0000 2025,"As @SecScottBessent negotiated in Geneva, China committed to easing export controls on critical minerals, including magnets.  Instead, they are delaying approvals, reintroducing the same non-tariff barriers that have long challenged fair trade and market access.  China must‚Ä¶",positive,0.4019
Sun Jun 01 19:00:00 +0000 2025,"Thus far, there have been no significant price increases.  Recent concerns appear overstated, as recent inflation data showed the first decline in four years.  The numbers last week were decidedly pro-consumer.",negative,-0.1027
Sun Jun 01 18:46:50 +0000 2025,"Inflation is easing across key sectors, thanks to @POTUS' leadership.  Gas and energy prices are down 20% year over year; food prices, including eggs, have declined; and consumer earnings increased by 0.8% last month.  Low inflation combined with rising real wages is positive for‚Ä¶",positive,0.8625
Sun Jun 01 16:00:01 +0000 2025,"I came to Washington because I was concerned about the debt.  The deficit is already lower than last year and will continue to decline over the next four years.  This administration is on track to put the country on a stronger, more sustainable path by 2028.",negative,-0.5859
Sun Jun 01 15:52:07 +0000 2025,"We are not seeking to decouple from China, but we must take steps to de-risk.  Withholding essential products from global industrial supply chains is not the behavior of a reliable trading partner.",neutral,0.0
Fri May 30 14:00:01 +0000 2025,.@DOGE and @elonmusk have set some very important work in motion ‚Äì which we are committed to continuing.  The Trump Administration is cutting costs and making the government more productive for the American people.,positive,0.4005
Fri May 30 13:29:07 +0000 2025,"We inherited the largest peace time, non-recessionary deficit in history due to the failures of the past administration.  Under @POTUS, we are working tirelessly to cut spending, grow the economy and bring America back to a sustainable fiscal path.",negative,-0.5106
Thu May 29 23:00:01 +0000 2025,"There is no better negotiator than @POTUS.  President Trump is carrying out the long-overdue work of rebalancing the global economy to the benefit of the American people.   I am confident that the Chinese, and the rest of our trading partners, will come to the table thanks to his‚Ä¶",positive,0.8689
Thu May 29 22:29:22 +0000 2025,America‚Äôs voters gave @POTUS a clear mandate to confront the national security threat posed by massive trade deficits.  Unelected judges have no right to block the Executive Branch from using its lawful powers to protect our country.,negative,-0.3818
Thu May 29 21:13:17 +0000 2025,"Financial literacy is financial security, and financial security gives you freedom.  It‚Äôs my honor to lead the Financial Literacy Education Commission (FLEC), which met today to discuss how we can empower more citizens to become financially literate and ultimately achieve the‚Ä¶",positive,0.9042
Thu May 29 17:00:42 +0000 2025,Tune into the Financial Literacy and Education Commission public meeting happening now.   You can watch the meeting here:,neutral,0.0
Wed May 28 20:30:38 +0000 2025,"One of the most important steps that @POTUS took early on was declaring narco groups as terrorist organizations.  This unlocked @USTreasury‚Äôs authority to target cartel finances, freeze assets, and cut off funds fueling harm to our communities.",negative,-0.791
Wed May 28 16:11:34 +0000 2025,"TOMORROW at 1:00 PM ET, the Financial Literacy and Education Commission will host a public meeting on measuring the effectiveness of financial education and literacy programs.   The meeting will feature a panel discussion where federal agencies will discuss how they are measuring‚Ä¶",neutral,0.0
Mon May 26 19:04:58 +0000 2025,"‚ÄúThat from these honored dead we take increased devotion to that cause for which they gave the last full measure of devotion.‚Äù  Today, we pay tribute to the hundreds of thousands of Americans who gave the ultimate sacrifice in defense of freedom.   May we honor their memories by‚Ä¶",positive,0.9022
Mon May 26 18:37:38 +0000 2025,Memorial Day is a sacred day to honor the heroes who made the ultimate sacrifice for freedom. They left their families‚Äîand never came home.  A grateful nation honors our fallen. We will never forget. We pray for their loved ones and all Gold Star Families.  God bless America. üá∫üá∏,positive,0.9554
Mon May 26 18:37:34 +0000 2025,FREEDOM ISN‚ÄôT FREE.  GOD BLESS AMERICA. üá∫üá∏,positive,0.9463
Mon May 26 18:36:57 +0000 2025,"As we remember our heroes, let us not only mourn their loss but also celebrate their bravery. Each life lost serves as a poignant reminder of the price paid for our rights and the values we hold dear. #MemorialDay",positive,0.9478
Sun May 25 23:01:03 +0000 2025,"As an estimated 45.1 million Americans hit the road this holiday weekend, thanks to President Trump, gas prices are the lowest we‚Äôve seen on Memorial Day since 2021.  ‚ùå 2022 - $4.60  ‚ùå 2023 - $3.57  ‚ùå 2024 - $3.58  ‚úÖ 2025 - $3.08",positive,0.5307
Sat May 24 14:48:10 +0000 2025,"Enjoyed meeting with @G7 counterparts in Banff for a series of discussions that were both pleasant and constructive.  I look forward to future engagements with all of our G7 partners on issues of mutual interest, including the pressing need for a big, beautiful rebalancing‚Ä¶",positive,0.9337
Fri May 23 19:36:23 +0000 2025,"Under the Trump Administration, it‚Äôs Main Street‚Äôs turn to shine. Community banks have been the lifeblood of American entrepreneurship and economic growth since our nation‚Äôs founding, and they remain vitally critical to economic growth.  I had the privilege of joining a‚Ä¶",positive,0.7579
Fri May 23 17:30:28 +0000 2025,The Trump Administration is going big on digital assets.  Why? Because the previous administration nearly destroyed the industry with its anti-innovation agenda and regulation-by-enforcement approach.  No more.  Digital asset companies deserve regulatory clarity‚Äîand that‚Äôs‚Ä¶,negative,-0.2315
Fri May 23 16:27:35 +0000 2025,"As I have mentioned, @POTUS‚Äô economic agenda is a three-legged stool of trade, tax, and deregulation.   Deregulation is the slowest moving part. I would expect that to substantially kick in to our economic growth in the third and fourth quarters, and really accelerate next year.‚Ä¶",positive,0.3818
Fri May 23 16:19:34 +0000 2025,"There is an equilibrium rate for tariffs and I think we will reach that rate.  Tariff barriers or nontariff trade barriers are coming down, so friction is decreasing.  This will lead to several hundred billion dollars a year of revenue, which will correlate to several hundred‚Ä¶",neutral,0.0258
Fri May 23 14:50:43 +0000 2025,"The House just passed the One, Big, Beautiful Bill after a year of hard work. And I know the Senate, led by @LeaderJohnThune, is ready to act.  @SenRonJohnson and others are right, we must fix our nation‚Äôs finances. That will require both savings and growth.  Republicans are‚Ä¶",positive,0.8225
Fri May 23 13:50:32 +0000 2025,The effort undertaken by @DOGE and @elonmusk is one of the most important of my lifetime and I am committed to not letting the bureaucracy slow it down.  We need to get the costs under control; we need to get government efficiency under control; and we need to make the government‚Ä¶,positive,0.6901
Fri May 23 13:44:51 +0000 2025,"We can both grow the economy and control the debt. What is important is that the economy grows faster than the debt.  If we change the growth trajectory of the country, of the economy, then we will stabilize our finances and grow our way out of this.",negative,-0.1531
Thu May 22 14:34:25 +0000 2025,"We are pleased to announce @SamCorcos as @USTreasury Acting Chief Information Officer. He brings a wealth of expertise in data, analytics, and technology ‚Äî invaluable assets as we look to drive our long-overdue modernization effort.  Thanks to the leadership of @elonmusk and the‚Ä¶",positive,0.8658
Thu May 22 14:04:10 +0000 2025,"The @HouseGOP passage of the One Big, Beautiful Bill marks a significant step toward advancing @POTUS‚Äô pro-growth agenda. This historic legislation aims to strengthen our fiscal foundation, support American families, and revitalize our domestic manufacturing. We look forward to‚Ä¶",positive,0.8658
Thu May 22 13:19:47 +0000 2025,".@HouseGOP took the next critical step in fulfilling @POTUS‚Äô economic agenda by passing the One Big, Beautiful Bill, preventing historic tax hikes on hardworking Americans and saving millions of American jobs.",positive,0.3612
Wed May 21 21:14:20 +0000 2025,"Today at the G7 Summit in Banff, I enjoyed my first meeting with Chancellor and Minister of Finance @larsklingbeil of Germany, during which I was pleased to hear his insights on the new German government‚Äôs economic priorities.",positive,0.7351
Wed May 21 17:46:14 +0000 2025,"Under @POTUS‚Äô leadership, @SecScottBessent is continuing to work with Congress to get the One Big, Beautiful Bill passed out of the House this week and over to the Senate so that the President can sign this historic bill into law.   Because what is the alternative?  The‚Ä¶",positive,0.5994
Wed May 21 17:32:50 +0000 2025,"This Administration is working closely with Congress to identify waste, reduce improper payments, and implement meaningful changes to federal spending.  Our goal is to secure the votes needed to enact the greatest number of responsible and efficient fiscal policy reforms.",positive,0.8885
Wed May 21 14:37:51 +0000 2025,"The Trump Administration is committed to dismantling cartels and holding them accountable for violence and terror. We will continue cutting off their access to drugs, money, and weapons to Make America Safe Again.  Today‚Äôs sanctions against two high-ranking members of‚Ä¶",negative,-0.7845
Tue May 20 17:02:38 +0000 2025,".@PressSec is right. The One Big, Beautiful Bill delivers on the economic promises made by @POTUS.  This bill will provide historic tax relief, meaningful fiscal reform, and investments that bring manufacturing jobs back home.  It‚Äôs a meaningful step toward a stronger, more‚Ä¶",positive,0.9413
Tue May 20 15:58:42 +0000 2025,"The American people spoke clearly on November 5th.  The One Big, Beautiful Bill answers that call by revitalizing manufacturing, enacting pro-growth tax reform, and implementing targeted spending reductions to ensure long-term fiscal responsibility.  It‚Äôs not just policy; it‚Äôs a‚Ä¶",positive,0.8481
Mon May 19 21:50:29 +0000 2025,"The reconciliation bill is a central part of @POTUS' economic agenda, and @USTreasury and @SecScottBessent are leading the effort to get One Big, Beautiful Bill through Congress.  These permanent tax reforms and spending reductions will stimulate long-term economic growth, which‚Ä¶",positive,0.8126
Mon May 19 21:44:31 +0000 2025,"Global bond flows remain strong, with high participation in the U.S. Treasury market.  On top of this, @POTUS just secured over $2T in foreign investment from the Middle East‚Äîwhich is demonstrable proof of the confidence abroad in the U.S. economy.",positive,0.8979
Sun May 18 15:30:00 +0000 2025,"The real beneficiaries of @POTUS‚Äô trip to the Middle East are the American people.  President Trump‚Äôs historic visit has secured over $2 trillion in commitments, which will fund projects ranging from manufacturing plants to new data centers -- all while driving U.S. jobs,‚Ä¶",positive,0.7184
Sun May 18 15:00:00 +0000 2025,"Some argue that tariffs are a tax on the American people and will be inflationary. By that logic, cutting taxes should be deflationary.  Let‚Äôs pass @POTUS‚Äô ONE BIG, BEAUTIFUL BILL, lower the burden on working families and businesses, and drive economic growth.",positive,0.0601
Sun May 18 14:45:00 +0000 2025,"Our goal is not to decouple from China, but to open markets and restore balance.  We‚Äôll continue trading with China, especially in non-strategic goods, and at lower tariff levels.  At the same time, we‚Äôre focused on reshoring critical industries like medicine, semiconductors, and‚Ä¶",positive,0.5719
Sun May 18 14:30:01 +0000 2025,"We've inherited a 6.7% deficit-to-GDP, the highest outside war or recession.  Our focus is to grow the economy faster than the debt, that‚Äôs how we will stabilize debt-to-GDP.",negative,-0.8481
Sun May 18 14:20:38 +0000 2025,"As we review proposals during the 90-day pause, we're seeing strong commitments from countries to lower tariffs, reduce non-tariff barriers, and rollback harmful practices like currency manipulation and unfair subsidies.  These are constructive steps, but they also raise serious‚Ä¶",neutral,-0.0258
Fri May 16 15:47:38 +0000 2025,"The ONE BIG, BEAUTIFUL BILL will revitalize U.S. manufacturing investment and create new growth opportunities for existing manufacturers.  It will also deliver on @POTUS‚Äô promise to provide tax relief for hardworking Americans while strengthening our labor market.",positive,0.9614
Fri May 16 15:45:58 +0000 2025,"With full GOP support, we're pushing @POTUS‚Äô ""ONE BIG, BEAUTIFUL BILL"" across the finish line to deliver tax cuts, increase wages, and bring back U.S. manufacturing.  ‚úîÔ∏è With this bill, families could see between $4K to $5K more in take-home pay.  ‚úîÔ∏è Workers could get a boost in‚Ä¶",positive,0.858
Thu May 15 16:54:46 +0000 2025,"An incredible honor to be here today at AL UDEID AIR BASE ""The Deed,"" QATAR with @POTUS as he delivered a speech to our great troops ‚Äì letting them know that the United States is back.   These brave warriors make his policy of ""PEACE THROUGH STRENGTH"" possible. This base is the‚Ä¶",positive,0.9708
Wed May 14 17:21:56 +0000 2025,The Treasury Department is moving to provide sanctions relief to stabilize and move Syria towards peace. Thank you for your leadership @POTUS.,positive,0.872
Wed May 14 13:50:18 +0000 2025,Today‚Äôs reconciliation vote marks strong progress in advancing President Trump‚Äôs economic agenda.  Republicans in Congress are unified toward making the 2017 tax cuts permanent and enacting new measures to keep more money in the pockets of hardworking Americans.,positive,0.7579
Tue May 13 16:13:32 +0000 2025,"April inflation slowed to 2.3%, the lowest since 2021, thanks to @POTUS' pro-growth policies.  Notably, grocery, apparel, and gasoline prices all declined, providing continued relief to American consumers.",positive,0.5267
Tue May 13 15:31:01 +0000 2025,"‚ÄúThere is a possibility ‚Ä¶ we can do a big, beautiful rebalancing.‚Äù  Geneva established a framework towards a mutually beneficial agreement between the US &amp; China.  The US can shift to more production; China can shift to more consumption.  The dream scenario is both countries do‚Ä¶",positive,0.9055
Tue May 13 02:02:15 +0000 2025,The Trump Administration is working around the clock to secure trade deals that put America‚Äôs workers first again.  @MarshaBlackburn is spot on.,positive,0.34
Mon May 12 21:31:51 +0000 2025,"We‚Äôve been working on expanding the 2017 tax reforms even before the President was sworn in; preparing to act swiftly if voters gave us a Republican House, Senate, and White House.  Congress is already making substantial progress towards realizing the President‚Äôs vision of a‚Ä¶",positive,0.7783
Mon May 12 21:31:45 +0000 2025,"To protect our economy and national security, we‚Äôre focused on building resilient supply chains to reduce strategic dependencies and ensure the U.S. can meet its essential needs.  This trade deal is just the first step in making sure that we continue to have the process, plan,‚Ä¶",positive,0.8885
Mon May 12 18:30:00 +0000 2025,"Combating the fentanyl crisis has been a top priority for @POTUS and his administration.  In Geneva, we engaged in substantive discussions with Chinese officials, including security and drug control experts, to address the flow of precursor drugs fueling this epidemic.",positive,0.2023
Mon May 12 17:13:17 +0000 2025,"President Trump has outlined a vison for one big, beautiful rebalancing of global trade. This weekend‚Äôs historic trade talks with China moved us several steps closer to achieving that goal.  These negotiations have laid the foundation for a workable solution to the global trade‚Ä¶",positive,0.7351
Mon May 12 14:15:00 +0000 2025,BREAKING: U.S. Announces China Trade Deal in Geneva,neutral,0.0
Sat May 10 12:42:06 +0000 2025,"Today, U.S. Trade Representative Jamieson Greer and @SecScottBessent met with President @keller_sutter and Vice President @ParmelinG of the Swiss Confederation in Geneva.  Both sides agreed to accelerate negotiations on reciprocal trade:",positive,0.2732
Thu May 08 18:48:16 +0000 2025,"For stablecoins and other digital assets to thrive globally, the world needs American leadership.  The Senate missed an opportunity to provide that leadership today by failing to advance the GENIUS Act.  This bill represents a once-in-a-generation opportunity to expand dollar‚Ä¶",positive,0.4767
Wed May 07 18:07:49 +0000 2025,"Under @SecScottBessent, we are expanding economic opportunity for all Americans and building a stronger, safer, and more prosperous America.  Thank you to @USTreasury Sec. Bessent for joining us today in @FinancialCmte for ""The Annual Testimony of the Secretary of the Treasury.""",positive,0.924
Wed May 07 18:03:35 +0000 2025,"It is a strong core belief of mine that financial literacy is the only path to economic independence and well-being.  The more Americans that can be educated on this issue, the better.",positive,0.7351
Wed May 07 17:42:34 +0000 2025,"Under the previous administration, we had 3 of the largest bank failures in U.S. history.  Two weeks before that, the Financial Stability Oversight Council published a report saying climate was the biggest threat to the financial system‚Äînot deposit volatility or overleveraged‚Ä¶",negative,-0.7506
Wed May 07 16:59:34 +0000 2025,".@RepStutzman: We saw jobs, growing up in Northeast Indiana in the auto industry, just continue to decline... but because of @POTUS and because of you, @SecScottBessent... even in my district, GM has announced that they're increasing truck production. We're seeing opportunities.",positive,0.5789
Wed May 07 16:46:26 +0000 2025,"WATCH: I asked @SecScottBessent  what is at stake if the U.S. slides behind other countries, from the Bahamas to China, in the regulation of digital assets.",positive,0.1779
Wed May 07 16:41:57 +0000 2025,".@POTUS‚Äô One Big Beautiful Bill will give permanence to the 2017 Tax Cuts and Jobs Act.  Over time, this will allow our debt-to-GDP ratio to stabilize and trend downward.",positive,0.5574
Wed May 07 16:10:49 +0000 2025,"Since I have become Treasury Secretary, @USTreasury has repeatedly sanctioned Chinese teapot refineries and various buyers of Iranian oil.  We will continue these sanctions on anyone who helps finance terrorism.",negative,-0.296
Wed May 07 16:09:55 +0000 2025,"America must continue to lead, while providing clarity on digital assets. I‚Äôm happy to hear that @secscottbessent agrees! We cannot allow jurisdictions around the world to pass us by. That is why I support the work of the¬†¬†@financialcmte to pass digital asset market structure‚Ä¶",positive,0.914
Wed May 07 15:49:35 +0000 2025,"The unfettered ability to borrow has made the United States more prolific, however, there is the potential that the market may discipline us one day.  @POTUS and this administration are actively working to set the country on a path that avoids this.",positive,0.6908
Wed May 07 15:44:57 +0000 2025,"WATCH: @SecScottBessent's opening statement before the House Financial Services Committee: ""In the first 100 days of the new Administration, we have set the table for a robust economy that allows Main Street to grow.""",positive,0.34
Wed May 07 15:33:56 +0000 2025,We believe the United States should be the premier destination for digital assets.  Digital assets are an important source of innovation that can drive usage of the U.S. dollar around the world with stablecoin legislation.,positive,0.8225
Wed May 07 15:19:28 +0000 2025,"The Trump Administration, through our energy abundance and signaling to the energy markets, has brought crude oil down about 20% thus far this year.  And I read with great interest this morning that Russian generation revenues were down 12% last month, which will put a dent in‚Ä¶",positive,0.765
Wed May 07 14:45:36 +0000 2025,"This administration believes the SDR process at @IMFNews should serve the goals of the United States in its effort to assist developing countries.  The IMF must get back to basics and work with countries when there is a market failure rather than continuing to help large,‚Ä¶",positive,0.296
Wed May 07 01:19:37 +0000 2025,"Thanks to @POTUS‚Äô leadership, the world is renegotiating.  Tariffs and other trade barriers are coming down. We are bringing strategic industries back home ‚Äî from steel to semiconductors to medicine ‚Äì and Americans will get a better deal.  @IngrahamAngle",positive,0.7003
Wed May 07 01:18:59 +0000 2025,Behind the scenes with @SecScottBessent Thanks for joining me!,positive,0.4926
Wed May 07 00:21:29 +0000 2025,".@POTUS doesn‚Äôt just blame our trading partners for taking advantage of us; he blames previous administrations who allowed us to get here in the first place.  We are righting the wrongs of the past and using trades negotiations to rebalance the economy and rebuild manufacturing,‚Ä¶",negative,-0.4767
Tue May 06 23:49:56 +0000 2025,"Thanks to @POTUS, the world has been coming to the US, and China has been the missing piece‚Äîwe will meet on Saturday and Sunday to discuss our shared interests.  The current tariffs and trade barriers are unsustainable, but we don‚Äôt want to decouple.  What we want is fair trade.",positive,0.7506
Tue May 06 22:07:10 +0000 2025,Secretary of the Treasury @SecScottBessent to Travel to Switzerland.  Release:,positive,0.2023
Tue May 06 19:53:25 +0000 2025,The reconciliation negotiation is going very well and we hope to have it signed by @POTUS by the Fourth of July.  @SecScottBessent has taken the lead on behalf of this administration to see that this tax package is realized.,positive,0.6478
Tue May 06 19:21:32 +0000 2025,The United States has been and will continue to be the world reserve currency and the leading economy.  @POTUS is taking on issues that have gone unaddressed for decades so that we can finally curb the imbalances that permeate throughout the global economy.,positive,0.4215
Tue May 06 17:08:58 +0000 2025,From the dias! House Appropriations hearing with @SecScottBessent this morning to talk about everything from improper payments to building a resilient economy &amp; expanding US trade opportunities.,positive,0.4389
Tue May 06 16:09:18 +0000 2025,"Congress needs to make the Trump Tax Bill permanent.  The 2017 Tax Cuts and Jobs Act provided a substantial, non-inflationary impetus to the economy which resulted in real wage gains on a non-inflationary basis for the American people and a robust economy.",positive,0.5267
Tue May 06 16:08:19 +0000 2025,"In 2008, the intel community warned of the greatest transfer of wealth and influence‚Äîfrom West to East‚Äîdriven by offshored manufacturing and exported energy.  This was deemed an unsolvable solution.  President Trump and @SecScottBessent aren‚Äôt offering an easy fix but a clear‚Ä¶",positive,0.743
Tue May 06 15:33:14 +0000 2025,"In the last administration, American workers were cast aside as the necessary collateral damage in this unfettered ‚Äúfree trade.‚Äù  This administration is aiming for fair trade to bring back high-paying, precision manufacturing jobs to the United States.",positive,0.2263
Tue May 06 14:56:21 +0000 2025,The key to financial independence is financial literacy and making sound financial choices.  It doesn‚Äôt come from more regulation; it comes from more financial education.,neutral,0.0
Mon May 05 23:05:15 +0000 2025,"President Trump is dedicated to getting the economy back on track‚Äîand we are doing so by re-privatizing.  On one side, we're going to be bringing down government spending which has been crowding out the private sector.  On the other side, we have a substantial financial‚Ä¶",positive,0.5859
Mon May 05 22:49:12 +0000 2025,"The goal is twofold: to open foreign markets and bring back manufacturing to the United States.  In order to rebalance the economy, we need reliable trading partners, but we also need to reshore strategic industries.",positive,0.2263
Mon May 05 19:39:02 +0000 2025,"""If the namesake of this conference is any indication, this is a meeting for bold people with bold ideas.""  @SecScottBessent delivered remarks on the resilience of the US economy, the administration‚Äôs economic policies and goals, and the opportunities for business and‚Ä¶",positive,0.7783
Mon May 05 15:25:38 +0000 2025,"US markets are antifragile. Indeed, the entirety of our economic history can be distilled in just five words: ‚ÄúUp and to the right.‚Äù On a long-term horizon, it‚Äôs never a bad time to invest in America‚Äîbut especially now.  The United States is entering a new Golden Age of economic‚Ä¶",positive,0.7108
Mon May 05 15:24:30 +0000 2025,"‚ÄúNever bet against America‚Äù captures a time-tested truth: The U.S. economy is unstoppable.  Throw whatever you will at our capital markets‚Äîthe Great Depression, two World Wars, 9/11, a global recession, the COVID pandemic, or the last few years of sky-high inflation.  Each time‚Ä¶",negative,-0.6705
Mon May 05 15:20:30 +0000 2025,Entrepreneurs are starting to understand what the President is trying to accomplish.  March saw one of the highest levels ever recorded for new business applications.  Many of these men and women are grasping that America First is the blueprint for a more abundant world.,positive,0.4215
Mon May 05 15:18:18 +0000 2025,"The Trump economic agenda is more than the sum of its parts.  Trade, tax cuts, &amp; deregulation may be 3 distinct policies.  But each policy is mutually reinforcing. And acting in concert, they push toward the same goal‚Äîto solidify our position as the home of global capital.",negative,-0.1531
Mon May 05 15:11:29 +0000 2025,"America is the Schelling point of global finance.  We have the world‚Äôs reserve currency, the deepest and most liquid markets, and the strongest property rights.  The US is the premier destination for international capital. But we want to make it even more appealing.",positive,0.34
Mon May 05 14:59:43 +0000 2025,"Cyber scam operations, such as those run by the KNA, generate billions in revenue for criminal kingpins and their associates, while depriving victims of their hard-earned savings and sense of security.  Treasury is committed to using all available tools to disrupt these networks‚Ä¶",negative,-0.7964
Mon May 05 02:45:00 +0000 2025,"Enjoyed meeting with Governor of the Qatar Central Bank and Qatar Investment Authority Chairman Sheikh Bandar bin Mohammed bin Saoud Al Thani.  During our talks, we discussed Qatar‚Äôs economic outlook, their investment priorities, and the importance of the continued economic‚Ä¶",positive,0.7269
Mon May 05 02:33:16 +0000 2025,"Good first in-person discussion with Minister of Finance @Haddad_Fernando of Brazil.  It was good to hear his perspectives on the economic ties between the United States and Brazil, and I emphasized the importance of our bilateral relationship in the Western Hemisphere.",positive,0.8779
Thu May 01 18:21:40 +0000 2025,"ART OF THE DEAL!  Thanks to the leadership of @POTUS, the U.S. and Ukraine have entered a first-of-its-kind partnership for the reconstruction and long-term economic success of Ukraine.",positive,0.784
Thu May 01 18:20:56 +0000 2025,"Under Biden, cartels transformed into multi-billion-dollar international crime syndicates.   @SecScottBessent and @POTUS are working to make America safe again.",negative,-0.1531
Thu May 01 17:32:20 +0000 2025,"As a recovering Wall Street person, I can tell you that Wall Street people like instant gratification.  @POTUS‚Äô agenda is one for the next one, two, three decades. To bring back precision manufacturing and lift up the middle class.",positive,0.6249
Thu May 01 14:35:14 +0000 2025,"Fuel theft and crude oil smuggling are cash cows for Cartel Jalisco Nueva Generacion‚Äôs narco-terrorist enterprise, providing a lucrative revenue stream for the group and enabling it to wreak havoc in Mexico and the United States. Treasury, as part of the Administration‚Äôs‚Ä¶",negative,-0.7964
Thu May 01 14:20:00 +0000 2025,Economic security is national security. And this deal is a total economic partnership.  It isn‚Äôt just rare earth elements‚Äîit‚Äôs infrastructure and energy as well.  There is an opportunity here for both sides to win.,positive,0.9274
Thu May 01 14:16:18 +0000 2025,"This economic partnership moves both America and Ukraine in the direction of peace and prosperity.  The Ukrainians can now see a path to economic recovery once this conflict ends‚Äîand U.S. businesses, best practices, and capital will be part of that.",positive,0.7248
Thu May 01 14:04:11 +0000 2025,"The Ukrainian-American Economic Partnership is @POTUS‚Äô deal‚Äîhe has set the table for peace.  President Trump is committed to compensating the American people, rebuilding Ukraine, and sending a strong signal to Russian leadership that this war must end.",positive,0.5065
Wed Apr 30 20:57:46 +0000 2025,"Unlike Joe Biden, the Trump administration is standing with Israel and taking strong action against the Houthis and the Iranian regime.  We will not back down to terrorists that want to murder Americans.  @SecScottBessent @USTreasury",negative,-0.7351
Wed Apr 30 17:21:16 +0000 2025,"It‚Äôs been a momentous 100 days with @POTUS at the helm.  The first 100 days have set the table for Peace Deals, Trade Deals, and Tax Deals.  President Trump's leadership has created negotiating leverage that will yield remarkable results for the American people.",positive,0.8442
Tue Apr 29 21:34:09 +0000 2025,"The way to rebuild the industrial base in the United States is by creating the economic conditions that incentivizes private industry to invest here.  In the first 100 days of the Trump Administration, we‚Äôve been able to attract more capital to invest in the U.S. than the entire‚Ä¶",positive,0.7579
Tue Apr 29 21:25:23 +0000 2025,"The first 100 days of this administration have set the table for success ‚Äî and in the next 100 days, we're going to see that work come to fruition on behalf of the American people.",positive,0.5719
Tue Apr 29 16:09:08 +0000 2025,"Today, the U.S. Department of the Treasury‚Äôs Office of Foreign Assets Control is designating six entities and six individuals based in Iran and the People‚Äôs Republic of China for their role in a network procuring ballistic missile propellant ingredients on behalf of Iran‚Äôs‚Ä¶",positive,0.1779
Tue Apr 29 16:04:33 +0000 2025,"Thank you, @PressSec. It was an honor to stand alongside you at the podium for the first time to discuss @POTUS‚Äô historic first 100 days and this administration‚Äôs plan to restore American Economic Greatness.",positive,0.7845
Tue Apr 29 15:45:00 +0000 2025,"Tariff revenue will provide the American people with much-needed income tax relief.   @POTUS campaigned on No Tax on Tips, No Tax on Social Security, and No Tax on Overtime, and tariff income could be used for tax relief on all those immediately.   Promises made, promises kept.",positive,0.802
Tue Apr 29 15:30:29 +0000 2025,"Thanks to @POTUS‚Äôs leadership, the tax bill is moving ahead at rapid speed and Republican unity is strong.  Making this historic legislation permanent will give American business and the American people certainty.",positive,0.802
Tue Apr 29 14:45:00 +0000 2025,"The goal here is to bring high-quality industrial jobs back to the U.S.   @POTUS is interested in the jobs of the future, not the jobs of the past.",positive,0.4019
Tue Apr 29 14:26:23 +0000 2025,"Bringing down persistent Bidenflation has been a priority for the first 100 days of the Trump Administration, and @POTUS has done a great job of leading that effort.   Interest rates are down, mortgage rates are down, gasoline and energy prices are down, and we‚Äôre expecting‚Ä¶",positive,0.8481
Mon Apr 28 23:59:09 +0000 2025,"This evening, I had the pleasure of discussing the benefits of financial literacy with Charlie Kirk and TPUSA students across the country.",positive,0.743
Mon Apr 28 21:31:43 +0000 2025,"We had another successful ""Big Six"" meeting today, and we hope to have a tax bill done by the Fourth of July.  The House is moving things along quickly, and the Senate is in lockstep.  I'm happy to announce that they are in substantial agreement and that this is going to be a‚Ä¶",positive,0.9371
Mon Apr 28 17:45:42 +0000 2025,".@POTUS has come off of the block with lightning speed, and this is something new for the American people‚Äîholding one, sometimes even two press conferences per day.    Contrast this with the previous administration, where we weren‚Äôt sure who was running policy. But it likely‚Ä¶",negative,-0.0772
Mon Apr 28 15:15:00 +0000 2025,We are continuing to make substantive movement on negotiations with many of our trading partners.  The negotiations with our Asian trading partners are going very well; the negotiations with the Republic of Korea have gone very well; the @VP's negotiations with India went very‚Ä¶,positive,0.584
Mon Apr 28 14:44:16 +0000 2025,Today‚Äôs action underscores our commitment to disrupt the Houthis‚Äô efforts to fund their dangerous and destabilizing attacks in the region. Treasury will continue to leverage our tools and authorities to target those who seek to enable the Houthis‚Äô ability to exploit the people of‚Ä¶,negative,-0.1779
Mon Apr 28 14:44:05 +0000 2025,"Today, the Department of the Treasury‚Äôs Office of Foreign Assets Control is targeting three vessels and their owners for providing support to the Houthis, which is part of the Iranian regime‚Äôs network of terrorist proxies and partners.",negative,-0.3182
Mon Apr 28 14:13:22 +0000 2025,"It's all @POTUS, especially on the 18 important trading partners.  We are doing bespoke deals, and the President is going to be intimately involved in each one.  He has laid the groundwork and told them personally how important the relationships are‚Äîbut also how important a fair‚Ä¶",positive,0.5267
Sun Apr 27 19:30:00 +0000 2025,"Nobody is better at creating leverage than @POTUS.  Come to us.  Take off your tariffs, take off your non-tariff trade barriers, stop manipulating your currency, stop subsidizing labor and capital‚Äîand then we can talk.",negative,-0.2023
Sun Apr 27 17:30:00 +0000 2025,"There was a story 10 days ago that said this is the worst April for the stock market since the Great Depression.  Fast-forward to today: The Nasdaq is up on the month of April. And I haven't seen a story that says, ‚ÄúStock market has biggest bounce-back ever.‚Äù",negative,-0.5719
Sun Apr 27 16:30:00 +0000 2025,"The U.S. has a barbell economy.  On one end, we have a financial system and tech sector that is the envy of the world.  On the other end, we have a natural resource-economy led by energy.  In between is where working-class Americans have lost out‚Äîand we want to fix that.",positive,0.128
Sun Apr 27 15:36:56 +0000 2025,"We are setting the fundamentals for a strong dollar, a strong economy, and a strong stock market.  Investors need to know that the U.S. government bond market is the safest and soundest in the world.",positive,0.9118
Sat Apr 26 01:11:42 +0000 2025,"Discussed positive opportunities for expanding economic relations between the United States and Qatar with Minister of Finance Ali bin Ahmed Al Kuwari.  Good to also discuss the United States‚Äô commitment to the ongoing maximum pressure campaign against Iran, as well as other‚Ä¶",positive,0.9451
Sat Apr 26 00:24:02 +0000 2025,Enjoyed catching up with Minister of Economy and Finance Kyriakos @Pierrakakis of Greece. Very glad to discuss and hear his perspectives on the Greek economy.,positive,0.7645
Sat Apr 26 00:08:51 +0000 2025,"Appreciated my discussions regarding the US-EU economic relationship with European Union Commissioner @VDombrovskis, during which I was glad to also highlight strong American support for a durable, lasting peace for the people of Ukraine.",positive,0.9531
Fri Apr 25 23:28:37 +0000 2025,I appreciate Canadian Deputy Minister of Finance Chris Forbes visiting with us at Treasury to discuss trade and our ongoing G7 coordination.,positive,0.5423
Fri Apr 25 23:19:32 +0000 2025,EXCLUSIVE: @MarthaRaddatz speaks with Treasury Secretary @SecScottBessent about what discussions are happening between the U.S. and China over trade ‚Äì and its impact on the U.S. economy. Sunday on @ThisWeekABC.,positive,0.4648
Fri Apr 25 22:56:48 +0000 2025,"Today, I met with Bahraini Finance Minister H.E. Sheikh Salman bin Khalifa Al-Khalifa to discuss ways in which to deepen U.S.-Bahrain relations.  I was glad to hear the Minister‚Äôs thoughts on Bahrain‚Äôs economic outlook as well as challenges facing the region, and we agreed on the‚Ä¶",positive,0.7579
Thu Apr 24 17:47:22 +0000 2025,Main Street Conservatism is the future. üá∫üá∏,neutral,0.0
Thu Apr 24 16:24:52 +0000 2025,"ABA appreciates @USTreasury @SecScottBessent‚Äôs strong commitment to financial education. On #TeachChildrenToSave Day, we join the Secretary in recognizing banker volunteers across the country empowering young people with the skills they need to build strong financial futures.",positive,0.9287
Thu Apr 24 10:50:05 +0000 2025,"In commemoration of Financial Literacy Month, I was honored to address students around the country as part of ‚ÄúTeach Children to Save Day‚Äù‚Äîa day dedicated to empowering young people with the skills they need to build strong financial futures.  @USTreasury is pleased to be‚Ä¶",positive,0.9451
Wed Apr 23 22:49:36 +0000 2025,"With @POTUS leading the way, American Energy Dominance means a safer future for our children, where energy is cheaper, and our allies are less dependent on our adversaries!   This administration and @Interior are working overtime to ensure that we maximize America‚Äôs extensive‚Ä¶",positive,0.8268
Wed Apr 23 21:14:31 +0000 2025,.@SecScottBessent is exactly right.  An all-of-the-above energy strategy will help us reclaim American energy dominance‚Äîresulting in lower costs for consumers and increased economic security.,positive,0.802
Wed Apr 23 17:30:00 +0000 2025,"Energy abundance sparks economic abundance.  That‚Äôs why we must pursue an all-of-the-above approach to energy development.  This means investing in fossil fuels‚Äîand where it makes sense, renewables.  But here, let me be clear: Developing countries can‚Äôt afford the luxury belief‚Ä¶",positive,0.6705
Wed Apr 23 17:00:01 +0000 2025,"In the U.S., we have seen an incredible boom on Wall Street.  Wall Street can continue doing well. But its Main Street‚Äôs turn to share in the prosperity.  @USTreasury and this administration are determined to fix the stagnation on Main Street.",positive,0.7543
Wed Apr 23 15:59:00 +0000 2025,China needs to change. The country knows it needs to change. Everyone knows it needs to change.  And we want to help it change‚Äîbecause we need rebalancing too.,positive,0.4588
Wed Apr 23 15:49:00 +0000 2025,"We must make the IMF the IMF again.  The IMF was once unwavering in its mission of promoting global monetary cooperation and financial stability.  Now it devotes disproportionate time and resources to work on climate change, gender, and social issues.  These issues are NOT the‚Ä¶",positive,0.6249
Wed Apr 23 15:39:11 +0000 2025,The IMF and World Bank have enduring value. But mission creep has knocked these institutions off course.  We must enact key reforms to ensure the Bretton Woods institutions are serving their stakeholders‚Äînot the other way around.,positive,0.6249
Wed Apr 23 15:29:21 +0000 2025,"I wish to be clear: America First does not mean America alone.  To the contrary, it is a call for deeper collaboration and mutual respect among trade partners.",positive,0.8458
Tue Apr 22 23:02:55 +0000 2025,"During today‚Äôs discussions with Minister @MAAljadaan, I was happy to reaffirm the vital economic and national security ties between the United States and Saudi Arabia.  I appreciated his thoughts across a wide range of subjects, including energy, regional issues, and investment‚Ä¶",positive,0.9382
Tue Apr 22 19:45:36 +0000 2025,"Ahead of this year‚Äôs @WorldBank Group-@IMFNews Spring Meetings, I look forward to joining @IIF tomorrow morning to share my thoughts on the state of the global financial system.  Tomorrow, my remarks can be watched here at 10:00AM EST:",positive,0.296
Sat Apr 19 17:28:57 +0000 2025,"This Financial Literacy Month, @USTreasury is encouraging Americans to learn to save, invest, and define goals that will help unlock a better future ‚Äì because financial literacy is the key to financial freedom.  Excited to continue spreading the word on financial literacy with‚Ä¶",positive,0.9571
Fri Apr 18 19:38:29 +0000 2025,"Trust must be brought back to the IRS, and I am fully confident that @TreasuryDepSec Michael Faulkender is the right man for the moment.  Gary Shapley's passion and thoughtfulness for approaching ways by which to create durable and lasting reforms at the IRS is essential to our‚Ä¶",positive,0.9299
Fri Apr 18 15:15:00 +0000 2025,Expanding financial literacy will supercharge our economy and help build generational wealth.  The most important thing you can do in terms of financial literacy is to understand your goals and the products you're invested in.  America has the most robust and innovative economy‚Ä¶,positive,0.9161
Thu Apr 17 16:30:00 +0000 2025,"Following yesterday‚Äôs meetings with Minister Ryosei Akazawa of Japan, I am glad that our discussions on trade are progressing in a highly satisfactory direction.  With many thanks to @POTUS for hosting our very productive talks and putting us on the path towards the best possible‚Ä¶",positive,0.9168
Thu Apr 17 13:30:38 +0000 2025,"Yesterday, @TreasuryDepSec Michael Faulkender was ceremonially sworn in by @SecScottBessent. Dr. Faulkender played a critical role in the previous Trump administration as Assistant Secretary for Economic Policy, particularly during the COVID-19 pandemic. Most recently, he served‚Ä¶",neutral,0.0258
Tue Apr 15 23:52:19 +0000 2025,"If we don‚Äôt make @POTUS‚Äô historic 2017 Tax Cuts and Jobs Act permanent, next year‚Äôs Tax Day will be detrimental to the American people after they suffer the biggest tax hike in history.  Republican unity in Congress has been remarkable, and we‚Äôre making great progress at a rapid‚Ä¶",positive,0.7003
Tue Apr 15 20:59:54 +0000 2025,"With Tax Day upon us, we are doubly focused on making the IRS work better for American families, at a better price.  To that end, we are striving for excellence in collections, privacy, and customer service.  The agency has been in a ‚Äúmodernization‚Äù program for decades. But this‚Ä¶",positive,0.7391
Tue Apr 15 20:06:31 +0000 2025,"Today‚Äôs action underscores our commitment to intensify the pressure on violent drug cartels like LNFM, who continue to traffic deadly fentanyl and other drugs, smuggle illegal aliens over our Southwest border, and attack law enforcement.  The Trump administration will continue to‚Ä¶",negative,-0.8834
Tue Apr 15 16:30:04 +0000 2025,"""Milei and MAGA are fellow travelers.""  At the heart of both movements is the belief that power belongs to the people‚Äînot the bureaucrats.  By embracing democracy over bureaucracy, both movements aim to unleash economic growth.",positive,0.3818
Mon Apr 14 21:54:10 +0000 2025,"The American people deserve to see the entire picture.   This administration has a 3-pronged economic approach to unleashing our national potential: tariffs, tax, and deregulation.   These policies will work like interlocking parts to fire the engine of growth.",positive,0.4019
Fri Apr 11 16:20:25 +0000 2025,"The full implementation of @POTUS‚Äôs plan is well underway.   We will extend tax reform, deregulate the economy, bring American jobs back, bring the deficit down, and get to that 3% deficit to GDP target that @SecScottBessent has been talking about.",negative,-0.3818
Thu Apr 10 20:30:00 +0000 2025,"As part of the effort to fulfill President Trump‚Äôs agenda, Treasury‚Äôs Debt Collection Service is actively working with ICE to secure payment for all civil fines and penalties owed by illegal aliens to the U.S. government. For too long these fines have been ignored, leaving court‚Ä¶",negative,-0.2023
Thu Apr 10 19:25:07 +0000 2025,I firmly believe financial literacy is the foundation for the American Dream.  @USTreasury is proud to continue working with the private and public sectors to put financial literacy on the map. But there is much more to do.  National Financial Literacy Month helps to emphasize‚Ä¶,positive,0.714
Thu Apr 10 15:30:44 +0000 2025,"Today‚Äôs House vote moves us one step closer to a tax code built for workers, builders, and long-term growth.  Certainty fuels strength. Stability drives investment.",positive,0.7783
Thu Apr 10 15:28:11 +0000 2025,"This vote is more than a budget win; it‚Äôs a statement of purpose and strength, which affirms the Trump Administration‚Äôs commitment to delivering growth and opportunity.  I am greatly encouraged by the incredible Republican unity under President Donald J. Trump‚Äôs leadership and‚Ä¶",positive,0.9521
Thu Apr 10 00:32:05 +0000 2025,The legendary investor Charles Schwab!,neutral,0.0
Wed Apr 09 22:33:33 +0000 2025,BE COOL.  @SecScottBessent  @HowardLutnick,positive,0.4648
Wed Apr 09 22:33:20 +0000 2025,"Scott Bessent and I sat with the President while he wrote one of the most extraordinary Truth posts of his Presidency. The world is ready to work with President Trump to fix global trade, and China has chosen the opposite direction.",positive,0.6222
Wed Apr 09 18:05:20 +0000 2025,"As I've said in the past, no one creates leverage for himself like @POTUS.",positive,0.34
Wed Apr 09 18:00:00 +0000 2025,"President Trump recognizes that economic security is national security. We must reclaim control of the manufacturing, production and supply chains of critical supplies and resources to finally put America First after decades of abuse.",negative,-0.4019
Wed Apr 09 17:48:46 +0000 2025,The Beltran Leyva Organization (BLO) was linked to the record-breaking seizure of 20-million doses of fentanyl in Mexico and remains one of the world‚Äôs most notoriously criminal drug trafficking gangs. Today @USTreasury‚Äôs Office of Foreign Assets Control sanctioned one of the‚Ä¶,negative,-0.4549
Wed Apr 09 17:00:00 +0000 2025,"For too long, financial policy has served large institutions, sometimes at the expense of smaller ones.  No more.  This administration aims to give all banks the chance to succeed and get capital to Americans who need it most.",positive,0.4588
Wed Apr 09 16:03:18 +0000 2025,"For the last four decades, Wall Street has grown wealthier than ever before. And it can continue to grow and do well. But for the next four years, it‚Äôs Main Street‚Äôs turn.  It‚Äôs Main Street‚Äôs turn to hire workers. It‚Äôs Main Street‚Äôs turn to drive investment. And it‚Äôs Main‚Ä¶",positive,0.3919
Tue Apr 08 17:43:37 +0000 2025,"President Trump‚Äôs end goal is bringing jobs and manufacturing back to the United States, raising wages, increasing revenues and reviving the American Dream. I‚Äôm proud to be working alongside him on behalf of the American people as we right the wrongs of longstanding global trade‚Ä¶",positive,0.7845
Mon Apr 07 21:53:00 +0000 2025,"Almost 70 countries have now approached us wanting to help rebalance global trade.  On behalf of @POTUS, I'm glad to join @USTradeRep to open talks with Japan as we work to enact the President‚Äôs vision for a new Golden Age of Global Trade.",positive,0.836
Sun Apr 06 17:34:15 +0000 2025,"The data is on our side. President Trump's plan will reindustrialize the United States, revitalize the private sector and raise wages for hardworking Americans.",positive,0.4215
Sat Apr 05 18:40:38 +0000 2025,"The Senate just took a major step toward pro-growth tax certainty and economic strength.  Making @POTUS‚Äô Trump Tax Cuts permanent will reward work, drive investment, and give families room to grow. Now it‚Äôs time for the House to finish the job.",positive,0.7717
Fri Apr 04 18:02:18 +0000 2025,"Thanks @TuckerCarlson for a great conversation.  Economic security is national security. For the first time in decades, the American trading system will be fair to our workers again. We are revitalizing the American dream.",positive,0.9337
Fri Apr 04 16:36:15 +0000 2025,"As President Trump said this week, the United States is the best, most innovative market in the world, and we want everyone to invest in and reap the benefits of expanding our nation‚Äôs prosperity. One of the roles I‚Äôm proudest of is serving as Chair of the Financial Literacy and‚Ä¶",positive,0.9493
Thu Apr 03 17:31:34 +0000 2025,"Financial literacy is a necessity, not a luxury. To kick off Financial Literacy Month, I had a great meeting with my longtime friend @johnhopebryant, who is collaborating with us at @USTreasury on the Financial Literacy for All (FL4A) initiative. We look forward to working‚Ä¶",positive,0.8074
Thu Apr 03 02:25:04 +0000 2025,".@SecScottBessent: Alexander Hamilton used tariffs to raise revenue, protect industry ‚Äî and @POTUS has added the third leg of the stool, which is strategic‚Ä¶ this is really a working-class tariff and tax plan.",positive,0.3818
Thu Apr 03 02:24:33 +0000 2025,This administration has taken the United States off the trajectory of past recessionary trends and put us back on a sound trajectory for growth.,positive,0.6597
Wed Apr 02 21:40:17 +0000 2025,"President Trump signed the Declaration of Economic Independence for the American people.  For decades, the trade status quo has allowed countries to leverage tariffs and unfair trade practices to get ahead at the expense of hardworking Americans.  The President‚Äôs historic actions‚Ä¶",negative,-0.4767
Wed Apr 02 14:08:56 +0000 2025,"Yesterday, I met with the House Republican Conference to discuss the importance of economic growth and the benefits of permanent tax policy for American workers, families, and small businesses.  I also continued the engagement with House and Senate tax-writers and leadership ‚Äì‚Ä¶",positive,0.8658
Tue Apr 01 19:16:45 +0000 2025,"Democrats don‚Äôt want to admit that American workers thrived under President Trump‚Äôs first administration and that they will thrive again under his second. ¬† For the past four years the bottom 50% has been eviscerated by high inflation, unfettered immigration, and suppressed‚Ä¶",positive,0.2732
Mon Mar 31 17:11:13 +0000 2025,"National security is economic security. Today, the @USTreasury Department proudly leveled new sanctions against financiers of the criminal Sinaloa drug cartel, which has flooded our borders with fentanyl and senselessly murdered innocent American citizens. This ends under‚Ä¶",positive,0.25
Thu Mar 27 23:12:24 +0000 2025,"Congratulations to Michael Faulkender, @USTreasury‚Äôs new Deputy Secretary.   Michael is a distinguished economist who brings a rare blend of real-world experience, academic credentials, and advocacy to the position that will serve the American people and President Trump well.",positive,0.7184
Thu Mar 27 21:33:41 +0000 2025,We want to make sure all payments from @USTreasury are legitimate and authentic. We are going to root out the fraud and fix these antiquated IT systems for the American people.,negative,-0.296
Thu Mar 27 16:24:36 +0000 2025,"We still have an affordability crisis brought on by the Biden Admin‚Äôs reckless policies, but we are seeing promising signs of improvement. When we execute on our tax, deregulation, and energy dominance plan, we will see inflation continue to go down.",positive,0.8402
Thu Mar 27 00:07:57 +0000 2025,Reining in burdensome regulation is a win for hardworking American taxpayers and small businesses. The Trump Administration continues to advance an ambitious growth agenda by re-leveraging the private sector and de-leveraging the government.,positive,0.7717
Tue Mar 25 23:16:02 +0000 2025,"This afternoon I was pleased to host House and Senate leaders, along with tax-writing committee chairs, to continue our work to make the Trump Tax Cuts permanent. ¬† Republicans are united behind President Trump‚Äôs economic agenda ‚Äì including new jobs, bigger paychecks, and more‚Ä¶",positive,0.5423
Tue Mar 25 21:00:57 +0000 2025,"Thank you @POTUS for this crucial order to help us root out fraud, waste, and abuse at the Treasury Department.  We are full steam ahead at @USTreasury.",negative,-0.7003
Mon Mar 24 22:10:44 +0000 2025,It is my honor to welcome Joe and Gary to the @USTreasury Department for their first day of work today.  They will help us drive much-needed cultural reform at the @IRS so it can better serve hardworking American taxpayers.,positive,0.9014
Fri Mar 21 13:46:20 +0000 2025,"IRS modernization is 30 years behind schedule, $15 billion over budget, and is relying on outdated technology.  We are working hard to make it more efficient.",positive,0.4005
Fri Mar 21 00:36:35 +0000 2025,"Deeply entrenched interests have prevented agencies like the @IRS from modernization for decades. The Trump Administration is focused on removing blockers and driving real efficiency so we can focus on collections, privacy and customer service. ¬† @SamCorcos and I sat down‚Ä¶",positive,0.8393
Thu Mar 20 22:51:31 +0000 2025,"Today we convened a productive meeting of the Federal Stability Oversight Council. ¬† A strong U.S. financial sector is crucial to economic growth. We are focused on driving efficiency, effectiveness and innovation by smartly reinvigorating our regulated financial institutions.‚Ä¶",positive,0.9501
Thu Mar 20 16:57:17 +0000 2025,"So-called ‚Äúteapot‚Äù refinery purchases of Iranian oil provide the primary economic lifeline for the Iranian regime, the world‚Äôs leading state sponsor of terror and the primary backer of the murderous Houthis in Yemen. ¬† President Trump and our administration are committed to‚Ä¶",negative,-0.7579
Wed Mar 19 23:56:15 +0000 2025,".@SecScottBessent on President Trump's executive order to create a Sovereign Wealth Fund: ""He's going to be the first President in generations who is going [to] create assets for the American people, not just debt.""",positive,0.7964
Wed Mar 19 21:10:47 +0000 2025,President Trump's leadership speaks for itself. He cares deeply about serving all 330 million of his constituents.,positive,0.4588
Wed Mar 19 16:22:34 +0000 2025,Thank you to @chamath and @friedberg for a thoughtful discussion on President Trump‚Äôs leadership and our vision for the American economy.,positive,0.7269
Tue Mar 18 16:24:57 +0000 2025,We are focused on making President Trump‚Äôs historic 2017 tax cuts permanent. This is pass-fail for the American people.,positive,0.1027
Tue Mar 18 12:32:16 +0000 2025,"I am pleased to welcome Gary Shapley and Joseph Ziegler to the @USTreasury Department, where they will help us drive much-needed cultural reform within the IRS. These veteran civil servants join us to help further the agency's focus on collections, modernization, and customer‚Ä¶",positive,0.91
Mon Mar 17 22:17:27 +0000 2025,Join us tomorrow for a big show @MorningsMaria @FoxBusiness 6-9am et w @USTreasury @SecScottBessent &amp; @DougBurgum @Interior,positive,0.296
Sun Mar 16 16:00:51 +0000 2025,"Our Administration and the American people are focused on the real economy, not fake news polling or ‚Äúvibecessions.‚Äù ¬† After four disastrous years for families and workers, President Trump has the track record and vision to deliver the most vibrant economy and capital markets in‚Ä¶",positive,0.7138
Fri Mar 14 21:36:56 +0000 2025,U.S. Secretary of Treasury @SecScottBessent joins @LaraLeaTrump tomorrow night 9PM on Fox. Tune in for the one-on-one interview.,positive,0.2023
Fri Mar 14 21:18:41 +0000 2025,"Yesterday, the U.S. Treasury Department took sanctions action against Iran's Minister of Petroleum and several entities in multiple jurisdictions, including the People's Republic of China and India, for their ownership of vessels operating as part of Iran's ""Shadow Fleet.""  Iran‚Ä¶",positive,0.2023
Fri Mar 14 14:34:27 +0000 2025,".@SecScottBessent: ""When I was on the other side of the wall, I never really liked the term 'Fake News.' Now that I am on the inside, and I can see what they're reporting, I think the term Fake News probably isn't strong enough.""",negative,-0.8873
Thu Mar 13 20:49:11 +0000 2025,"I had a productive meeting yesterday with two economic legends and friends, Dr. Arthur B. Laffer and @StephenMoore, where we discussed making President Trump‚Äôs historic Tax Cuts and Jobs Act permanent. ¬† This is a top priority. It‚Äôs what the American people voted for, and it‚Äôs‚Ä¶",positive,0.4019
Thu Mar 13 17:52:20 +0000 2025,The ‚ÄòE‚Äô in DOGE is efficiency. It's not elimination. It's not extinction. ¬† We are trying to make the government do better for the American people and right-size it‚Äî the government can do a better job for the American people at a better price.,positive,0.8807
Wed Mar 12 22:39:32 +0000 2025,"Today I spoke with Congressional leaders on making President Trump‚Äôs historic tax cuts permanent.  The American people gave us a clear mandate‚Äîlower taxes, bigger paychecks, and a stronger economy.  That‚Äôs exactly what we will deliver.",positive,0.4588
Wed Mar 12 21:16:16 +0000 2025,"Yesterday, the @USTreasury Financial Crimes Enforcement Network (FinCEN) issued a Geographic Targeting Order to combat the illicit activities and money laundering of Mexico-based cartels and other criminal actors along the southwest border of the United States.",negative,-0.4588
Mon Mar 10 20:42:11 +0000 2025,"Today, we took an important step towards implementing President Trump‚Äôs mandate to get the government back in the office.  Here is the message I shared with all @USTreasury employees today.",positive,0.4939
Sat Mar 08 23:00:25 +0000 2025,"At @EconClubNY, I sat down with @Larry_kudlow for Q&amp;A where we discussed President Trump‚Äôs America First agenda and priorities:  International relations, tariffs, responsible deregulation, and re-privatizing the American economy.  Full Q&amp;A:",positive,0.3182
Sat Mar 08 15:05:31 +0000 2025,"""Welcome to the first-ever White House Digital Asset Summit. Last year, I promised to make America the Bitcoin superpower of the world, AND WE'RE TAKING HISTORIC ACTION TO DELIVER ON THAT PROMISE."" ‚ÄìPresident Donald J. Trump üá∫üá∏",positive,0.7906
Fri Mar 07 19:19:07 +0000 2025,"Thanks to President Trump‚Äôs Fair and Reciprocal Trade Plan, the American worker will be valued and rewarded. ¬† This is what America First looks like.",positive,0.9153
Fri Mar 07 19:17:36 +0000 2025,True,positive,0.4215
Fri Mar 07 16:24:44 +0000 2025,"It was an honor to speak at @EconClubNY yesterday.  ¬† At @USTreasury, we will lead a comprehensive and assertive effort to empower our nation‚Äôs banks to finance the economy‚Äôs pursuit of job growth, wealth creation, and prosperity for all Americans.",positive,0.9022
Thu Mar 06 20:51:45 +0000 2025,".@SecScottBessent: ""Let me be clear: the U.S. does NOT have a revenue problem ‚Äî we have a spending problem.""",positive,0.5938
Thu Mar 06 20:51:39 +0000 2025,"President Trump believes three things on tariffs, @SecScottBessent says:  1. They're a good source of revenue. 2. They protect critical industries. 3. They're a good negotiating tool.",positive,0.7269
Wed Mar 05 19:28:07 +0000 2025,"President Trump has a plan. Last night he made it loud and clear.  We are going to re-privatize the economy, reinvigorate the private sector, and shrink the government sector.",positive,0.7096
Wed Mar 05 03:20:04 +0000 2025,President Trump will bring back American prosperity and stop inflation in its tracks.  It‚Äôs time for the economic disaster of the last four years to become a thing of the past.,negative,-0.743
Tue Mar 04 14:54:28 +0000 2025,".@SecScottBessent: ""Over the medium term... it's a focus on Main Street. Wall Street's done great... We have a focus on small business and consumers... We are going to bring manufacturing jobs home... We're cutting red tape, we're cutting regulations, and we're going to get bank‚Ä¶",negative,-0.25
Tue Mar 04 14:33:41 +0000 2025,President Trump has already done more for the American people in the past four weeks than the previous administration did in four years.   We are getting the economy back on track and renewing the American dream.,positive,0.25
Sat Mar 01 17:33:40 +0000 2025,".@SecScottBessent: Trump sent me to Kyiv to bring Ukraine closer to the U.S.‚Äîto show Russia there was no daylight between us. Zelensky refused to sign, stalled in Munich, then backed out again. One of the biggest own goals in diplomatic history.",negative,-0.6249
Sat Mar 01 17:33:34 +0000 2025,.@SecScottBessent on President Zelenskyy: ‚ÄúThis is one of the biggest ‚Äòown goals‚Äô in diplomatic history.‚Äù,neutral,0.0
Fri Feb 28 18:06:24 +0000 2025,"Thank you, President Trump, for standing up for the American people and our nation on the global stage.",positive,0.3612
Fri Feb 28 01:10:55 +0000 2025,"The deal is done. Tomorrow, the United States and Ukraine will sign a¬†strategic economic partnership that will benefit both the American taxpayer and the Ukrainian people.",positive,0.7003
Wed Feb 26 22:12:13 +0000 2025,"The American people gave us a clear mandate for prosperity‚Äîlower taxes, bigger paychecks, and a stronger economy. I am dedicated to working with Congress in making President Trump‚Äôs historic tax cuts permanent and reprivatizing the U.S. economy.",positive,0.7184
Wed Feb 26 14:26:49 +0000 2025,"House Republicans took an important step forward in advancing President Trump‚Äôs agenda. We will deliver on President Trump‚Äôs tax priorities, which is a critical first step in reprivatizing the U.S. economy.",negative,-0.128
Sun Feb 23 16:59:54 +0000 2025,"A minerals deal with Ukraine is ""a win-win,"" says @SecScottBessent.  ""This deal is part of President Trump's long-arc negotiating strategy for PEACE between Ukraine and Russia ... a PARTNERSHIP between Ukraine and the U.S.""",positive,0.6408
Sun Feb 23 13:24:21 +0000 2025,"President Trump's proposed economic partnership with Ukraine is a win-win.   It is both a critical step towards peace and security for the Ukrainian people, and will be a major asset for the American taxpayers. My Op-Ed in the @FT:",positive,0.7269
Sun Feb 23 01:18:13 +0000 2025,Join us tomorrow for a big show @SundayFutures @FoxNews 10am et w @SecScottBessent  @MikeWaltz47  @epaleezeldin  @GovernorVA  @MZHemingway #EXCLUSIVE #live,positive,0.296
Thu Feb 20 01:08:59 +0000 2025,I will not attend the G20 Summit because of obligations in Washington DC. A Sr. Treasury Official will attend in my place. I am in regular contact w/ my global counterparts working to advance Pres. Trump‚Äôs agenda. I look forward to seeing them in DC for the¬†Spring IMF/WB Meetings,positive,0.2023
Wed Feb 19 00:01:29 +0000 2025,"Since the start of COVID,¬†1500 Pennsylvania Avenue‚Äôs Gallatin Entrance ‚Äì front door of historic Main Treasury ‚Äì has been closed. Today, for the first time in almost 5 years, we opened those doors. America is back! Another sign of the Golden Age!",positive,0.3365
Tue Feb 18 23:35:20 +0000 2025,"""This kind of fearmongering [on @DOGE] doesn't help anybody ‚Äî but it tells me that people are worried that they're part of the waste, fraud, and abuse,"" says @SecScottBessent.",negative,-0.9236
Tue Feb 18 23:35:15 +0000 2025,".@SecScottBessent: President Trump is using tariffs in three ways ‚Äî revenue for government, making trade fairer, and negotiation.  ""Tariffs could bring in a substantial amount of revenue for the government.""",positive,0.2023
Tue Feb 18 23:35:09 +0000 2025,".@SecScottBessent on President Trump's pursuit of PEACE in Ukraine: ""The plan that I've seen that President Trump has ‚Äî I think he could win the Nobel Peace Prize for this.""",positive,0.9416
Tue Feb 18 22:08:25 +0000 2025,Don‚Äôt miss Special Report live from @USTreasury tomorrow on @FoxNews and my interview with @SecScottBessent,positive,0.2732
Tue Feb 18 21:17:39 +0000 2025,"Thank you, Mr. President! We are grateful for your Historic Leadership bringing Peace and Prosperity to our Country and the World.",positive,0.8516
Wed Feb 12 20:05:02 +0000 2025,"AMERICA IS BACK. üá∫üá∏  Every single day I will be fighting for you with every breath in my body. I will not rest until we have delivered the strong, safe and prosperous America that our children deserve and that you deserve. This will truly be the golden age of America.",positive,0.8658
Tue Feb 11 20:54:38 +0000 2025,Serving President Trump and the American people as the 79th Secretary of the Treasury is the honor of a lifetime. We will work hard for the President‚Äôs agenda and for all Americans! THE GOLDEN ERA STARTS NOW!,positive,0.6351
